Depth (km), Temperature (K)
6.000000000000000000e+02,1.793000000000000000e+03
5.989983305509182401e+02,1.792554813578185986e+03
5.979966611018363665e+02,1.792109627156371744e+03
5.969949916527546065e+02,1.791664440734557729e+03
5.959933222036728466e+02,1.791219254312743487e+03
5.949916527545909730e+02,1.790774067890929473e+03
5.939899833055092131e+02,1.790328881469115231e+03
5.929883138564273395e+02,1.789883695047301217e+03
5.919866444073455796e+02,1.789438508625486975e+03
5.909849749582638196e+02,1.788993322203672960e+03
5.899833055091819460e+02,1.788548135781858718e+03
5.889816360601001861e+02,1.788102949360044704e+03
5.879799666110184262e+02,1.787657762938230462e+03
5.869782971619365526e+02,1.787212576516416448e+03
5.859766277128547927e+02,1.786767390094602206e+03
5.849749582637730327e+02,1.786322203672788191e+03
5.839732888146911591e+02,1.785877017250973950e+03
5.829716193656093992e+02,1.785431830829159935e+03
5.819699499165275256e+02,1.784986644407345693e+03
5.809682804674457657e+02,1.784541457985531451e+03
5.799666110183640058e+02,1.784096271563717437e+03
5.789649415692821321e+02,1.783651085141903195e+03
5.779632721202003722e+02,1.783205898720089181e+03
5.769616026711186123e+02,1.782760712298274939e+03
5.759599332220367387e+02,1.782315525876460924e+03
5.749582637729549788e+02,1.781870339454646682e+03
5.739565943238732189e+02,1.781425153032832668e+03
5.729549248747913452e+02,1.780979966611018426e+03
5.719532554257095853e+02,1.780534780189204412e+03
5.709515859766277117e+02,1.780089593767390170e+03
5.699499165275458381e+02,1.779644407345576155e+03
5.689482470784640782e+02,1.779199220923761914e+03
5.679465776293822046e+02,1.778754034501947899e+03
5.669449081803004447e+02,1.778308848080133657e+03
5.659432387312186847e+02,1.777863661658319643e+03
5.649415692821368111e+02,1.777418475236505401e+03
5.639398998330550512e+02,1.776973288814691387e+03
5.629382303839732913e+02,1.776528102392877145e+03
5.619365609348914177e+02,1.776082915971062903e+03
5.609348914858096578e+02,1.775637729549248888e+03
5.599332220367278978e+02,1.775192543127434874e+03
5.589315525876460242e+02,1.774747356705620632e+03
5.579298831385642643e+02,1.774302170283806390e+03
5.569282136894823907e+02,1.773856983861992376e+03
5.559265442404006308e+02,1.773411797440178134e+03
5.549248747913188708e+02,1.772966611018364119e+03
5.539232053422369972e+02,1.772521424596549878e+03
5.529215358931552373e+02,1.772076238174735863e+03
5.519198664440734774e+02,1.771631051752921621e+03
5.509181969949916038e+02,1.771185865331107379e+03
5.499165275459098439e+02,1.770740678909293365e+03
5.489148580968279703e+02,1.770295492487479123e+03
5.479131886477462103e+02,1.769850306065665109e+03
5.469115191986644504e+02,1.769405119643850867e+03
5.459098497495825768e+02,1.768959933222036852e+03
5.449081803005008169e+02,1.768514746800222611e+03
5.439065108514190570e+02,1.768069560378408596e+03
5.429048414023371834e+02,1.767624373956594354e+03
5.419031719532554234e+02,1.767179187534780340e+03
5.409015025041736635e+02,1.766734001112966098e+03
5.398998330550917899e+02,1.766288814691152083e+03
5.388981636060100300e+02,1.765843628269337842e+03
5.378964941569282701e+02,1.765398441847523827e+03
5.368948247078463964e+02,1.764953255425709585e+03
5.358931552587646365e+02,1.764508069003895571e+03
5.348914858096827629e+02,1.764062882582081329e+03
5.338898163606010030e+02,1.763617696160267315e+03
5.328881469115192431e+02,1.763172509738453073e+03
5.318864774624373695e+02,1.762727323316638831e+03
5.308848080133556095e+02,1.762282136894824816e+03
5.298831385642738496e+02,1.761836950473010802e+03
5.288814691151919760e+02,1.761391764051196560e+03
5.278797996661102161e+02,1.760946577629382318e+03
5.268781302170283425e+02,1.760501391207568304e+03
5.258764607679465826e+02,1.760056204785754062e+03
5.248747913188648226e+02,1.759611018363940047e+03
5.238731218697829490e+02,1.759165831942125806e+03
5.228714524207011891e+02,1.758720645520311791e+03
5.218697829716194292e+02,1.758275459098497549e+03
5.208681135225375556e+02,1.757830272676683535e+03
5.198664440734557957e+02,1.757385086254869293e+03
5.188647746243739221e+02,1.756939899833055279e+03
5.178631051752921621e+02,1.756494713411241037e+03
5.168614357262104022e+02,1.756049526989427022e+03
5.158597662771285286e+02,1.755604340567612780e+03
5.148580968280467687e+02,1.755159154145798766e+03
5.138564273789650088e+02,1.754713967723984524e+03
5.128547579298831351e+02,1.754268781302170282e+03
5.118530884808013184e+02,1.753823594880356268e+03
5.108514190317195585e+02,1.753378408458542253e+03
5.098497495826377417e+02,1.752933222036728012e+03
5.088480801335559249e+02,1.752488035614913770e+03
5.078464106844741082e+02,1.752042849193099755e+03
5.068447412353922914e+02,1.751597662771285513e+03
5.058430717863105315e+02,1.751152476349471499e+03
5.048414023372287147e+02,1.750707289927657257e+03
5.038397328881468979e+02,1.750262103505843243e+03
5.028380634390651380e+02,1.749816917084029001e+03
5.018363939899833213e+02,1.749371730662214986e+03
5.008347245409015045e+02,1.748926544240400744e+03
4.998330550918197446e+02,1.748481357818586730e+03
4.988313856427379278e+02,1.748036171396772488e+03
4.978297161936561110e+02,1.747590984974958246e+03
4.968280467445742943e+02,1.747145798553144232e+03
4.958263772954925344e+02,1.746700612131330217e+03
4.948247078464106607e+02,1.746255425709515976e+03
4.938230383973288440e+02,1.745810239287701734e+03
4.928213689482470272e+02,1.745365052865887719e+03
4.918196994991652673e+02,1.744919866444073477e+03
4.908180300500834505e+02,1.744474680022259463e+03
4.898163606010016338e+02,1.744029493600445221e+03
4.888146911519198738e+02,1.743584307178631207e+03
4.878130217028380571e+02,1.743139120756816965e+03
4.868113522537562403e+02,1.742693934335002950e+03
4.858096828046744804e+02,1.742248747913188708e+03
4.848080133555926636e+02,1.741803561491374694e+03
4.838063439065108469e+02,1.741358375069560452e+03
4.828046744574290301e+02,1.740913188647746438e+03
4.818030050083472133e+02,1.740468002225932196e+03
4.808013355592654534e+02,1.740022815804118181e+03
4.797996661101836366e+02,1.739577629382303940e+03
4.787979966611018199e+02,1.739132442960489698e+03
4.777963272120200600e+02,1.738687256538675683e+03
4.767946577629382432e+02,1.738242070116861669e+03
4.757929883138564264e+02,1.737796883695047427e+03
4.747913188647746665e+02,1.737351697273233185e+03
4.737896494156928497e+02,1.736906510851419171e+03
4.727879799666110330e+02,1.736461324429604929e+03
4.717863105175292162e+02,1.736016138007790914e+03
4.707846410684473994e+02,1.735570951585976673e+03
4.697829716193656395e+02,1.735125765164162658e+03
4.687813021702838228e+02,1.734680578742348416e+03
4.677796327212020060e+02,1.734235392320534402e+03
4.667779632721202461e+02,1.733790205898720160e+03
4.657762938230384293e+02,1.733345019476906145e+03
4.647746243739565557e+02,1.732899833055091904e+03
4.637729549248747958e+02,1.732454646633277889e+03
4.627712854757929222e+02,1.732009460211463647e+03
4.617696160267111622e+02,1.731564273789649633e+03
4.607679465776294023e+02,1.731119087367835391e+03
4.597662771285475287e+02,1.730673900946021149e+03
4.587646076794657688e+02,1.730228714524207135e+03
4.577629382303839520e+02,1.729783528102392893e+03
4.567612687813021353e+02,1.729338341680578878e+03
4.557595993322203753e+02,1.728893155258764637e+03
4.547579298831385586e+02,1.728447968836950622e+03
4.537562604340567418e+02,1.728002782415136380e+03
4.527545909849749819e+02,1.727557595993322366e+03
4.517529215358931651e+02,1.727112409571508124e+03
4.507512520868113484e+02,1.726667223149694109e+03
4.497495826377295884e+02,1.726222036727879868e+03
4.487479131886477148e+02,1.725776850306065626e+03
4.477462437395659549e+02,1.725331663884251611e+03
4.467445742904841381e+02,1.724886477462437597e+03
4.457429048414023214e+02,1.724441291040623355e+03
4.447412353923205615e+02,1.723996104618809113e+03
4.437395659432387447e+02,1.723550918196995099e+03
4.427378964941569279e+02,1.723105731775180857e+03
4.417362270450751680e+02,1.722660545353366842e+03
4.407345575959933512e+02,1.722215358931552601e+03
4.397328881469115345e+02,1.721770172509738586e+03
4.387312186978297746e+02,1.721324986087924344e+03
4.377295492487479009e+02,1.720879799666110330e+03
4.367278797996661410e+02,1.720434613244296088e+03
4.357262103505843243e+02,1.719989426822482073e+03
4.347245409015024507e+02,1.719544240400667832e+03
4.337228714524206907e+02,1.719099053978853817e+03
4.327212020033388740e+02,1.718653867557039575e+03
4.317195325542570572e+02,1.718208681135225561e+03
4.307178631051752973e+02,1.717763494713411319e+03
4.297161936560934805e+02,1.717318308291597305e+03
4.287145242070116637e+02,1.716873121869783063e+03
4.277128547579299038e+02,1.716427935447969048e+03
4.267111853088480302e+02,1.715982749026154806e+03
4.257095158597662703e+02,1.715537562604340565e+03
4.247078464106844535e+02,1.715092376182526550e+03
4.237061769616026368e+02,1.714647189760712308e+03
4.227045075125208768e+02,1.714202003338898294e+03
4.217028380634390601e+02,1.713756816917084052e+03
4.207011686143572433e+02,1.713311630495270037e+03
4.196994991652754834e+02,1.712866444073455796e+03
4.186978297161936666e+02,1.712421257651641781e+03
4.176961602671118499e+02,1.711976071229827539e+03
4.166944908180300899e+02,1.711530884808013525e+03
4.156928213689482163e+02,1.711085698386199283e+03
4.146911519198664564e+02,1.710640511964385269e+03
4.136894824707846396e+02,1.710195325542571027e+03
4.126878130217028229e+02,1.709750139120757012e+03
4.116861435726210630e+02,1.709304952698942770e+03
4.106844741235392462e+02,1.708859766277128529e+03
4.096828046744574294e+02,1.708414579855314514e+03
4.086811352253756695e+02,1.707969393433500500e+03
4.076794657762938527e+02,1.707524207011686258e+03
4.066777963272120360e+02,1.707079020589872016e+03
4.056761268781302761e+02,1.706633834168058002e+03
4.046744574290483456e+02,1.706188647746243760e+03
4.036727879799665857e+02,1.705743461324429745e+03
4.026711185308848258e+02,1.705298274902615503e+03
4.016694490818029522e+02,1.704853088480801489e+03
4.006677796327211922e+02,1.704407902058987247e+03
3.996661101836393755e+02,1.703962715637173233e+03
3.986644407345575587e+02,1.703517529215358991e+03
3.976627712854757988e+02,1.703072342793544976e+03
3.966611018363939820e+02,1.702627156371730734e+03
3.956594323873121652e+02,1.702181969949916720e+03
3.946577629382304053e+02,1.701736783528102478e+03
3.936560934891485317e+02,1.701291597106288236e+03
3.926544240400667718e+02,1.700846410684474222e+03
3.916527545909850119e+02,1.700401224262660207e+03
3.906510851419031383e+02,1.699956037840845966e+03
3.896494156928213783e+02,1.699510851419031724e+03
3.886477462437395616e+02,1.699065664997217709e+03
3.876460767946577448e+02,1.698620478575403467e+03
3.866444073455759849e+02,1.698175292153589453e+03
3.856427378964941681e+02,1.697730105731775211e+03
3.846410684474123514e+02,1.697284919309961197e+03
3.836393989983305914e+02,1.696839732888146955e+03
3.826377295492487747e+02,1.696394546466332940e+03
3.816360601001669579e+02,1.695949360044518698e+03
3.806343906510851980e+02,1.695504173622704684e+03
3.796327212020033244e+02,1.695058987200890442e+03
3.786310517529215645e+02,1.694613800779076428e+03
3.776293823038397477e+02,1.694168614357262186e+03
3.766277128547579309e+02,1.693723427935447944e+03
3.756260434056761710e+02,1.693278241513633930e+03
3.746243739565942974e+02,1.692833055091819915e+03
3.736227045075124806e+02,1.692387868670005673e+03
3.726210350584307207e+02,1.691942682248191431e+03
3.716193656093489039e+02,1.691497495826377417e+03
3.706176961602670872e+02,1.691052309404563175e+03
3.696160267111853273e+02,1.690607122982749161e+03
3.686143572621034536e+02,1.690161936560934919e+03
3.676126878130216937e+02,1.689716750139120904e+03
3.666110183639398770e+02,1.689271563717306663e+03
3.656093489148580602e+02,1.688826377295492648e+03
3.646076794657763003e+02,1.688381190873678406e+03
3.636060100166944835e+02,1.687936004451864392e+03
3.626043405676126667e+02,1.687490818030050150e+03
3.616026711185309068e+02,1.687045631608236135e+03
3.606010016694490901e+02,1.686600445186421894e+03
3.595993322203672733e+02,1.686155258764607879e+03
3.585976627712855134e+02,1.685710072342793637e+03
3.575959933222036398e+02,1.685264885920979395e+03
3.565943238731218798e+02,1.684819699499165381e+03
3.555926544240400631e+02,1.684374513077351139e+03
3.545909849749582463e+02,1.683929326655537125e+03
3.535893155258764864e+02,1.683484140233722883e+03
3.525876460767946696e+02,1.683038953811908868e+03
3.515859766277128529e+02,1.682593767390094627e+03
3.505843071786310929e+02,1.682148580968280612e+03
3.495826377295492762e+02,1.681703394546466370e+03
3.485809682804674594e+02,1.681258208124652356e+03
3.475792988313856995e+02,1.680813021702838114e+03
3.465776293823038259e+02,1.680367835281024099e+03
3.455759599332220660e+02,1.679922648859209858e+03
3.445742904841401923e+02,1.679477462437395843e+03
3.435726210350583756e+02,1.679032276015581601e+03
3.425709515859766157e+02,1.678587089593767587e+03
3.415692821368947989e+02,1.678141903171953345e+03
3.405676126878129821e+02,1.677696716750139103e+03
3.395659432387312222e+02,1.677251530328325089e+03
3.385642737896494054e+02,1.676806343906510847e+03
3.375626043405675887e+02,1.676361157484696832e+03
3.365609348914857719e+02,1.675915971062882591e+03
3.355592654424040120e+02,1.675470784641068576e+03
3.345575959933221952e+02,1.675025598219254334e+03
3.335559265442403785e+02,1.674580411797440320e+03
3.325542570951586185e+02,1.674135225375626078e+03
3.315525876460768018e+02,1.673690038953812063e+03
3.305509181969949850e+02,1.673244852531997822e+03
3.295492487479131682e+02,1.672799666110183807e+03
3.285475792988314083e+02,1.672354479688369565e+03
3.275459098497495916e+02,1.671909293266555551e+03
3.265442404006677748e+02,1.671464106844741309e+03
3.255425709515859580e+02,1.671018920422927295e+03
3.245409015025041981e+02,1.670573734001113053e+03
3.235392320534223813e+02,1.670128547579298811e+03
3.225375626043405646e+02,1.669683361157484796e+03
3.215358931552588047e+02,1.669238174735670782e+03
3.205342237061769879e+02,1.668792988313856540e+03
3.195325542570951711e+02,1.668347801892042298e+03
3.185308848080133544e+02,1.667902615470228284e+03
3.175292153589315944e+02,1.667457429048414042e+03
3.165275459098497777e+02,1.667012242626600028e+03
3.155258764607679609e+02,1.666567056204785786e+03
3.145242070116860873e+02,1.666121869782971771e+03
3.135225375626043274e+02,1.665676683361157529e+03
3.125208681135225106e+02,1.665231496939343515e+03
3.115191986644406938e+02,1.664786310517529273e+03
3.105175292153589339e+02,1.664341124095715259e+03
3.095158597662771172e+02,1.663895937673901017e+03
3.085141903171953004e+02,1.663450751252087002e+03
3.075125208681134836e+02,1.663005564830272760e+03
3.065108514190317237e+02,1.662560378408458746e+03
3.055091819699499069e+02,1.662115191986644504e+03
3.045075125208680902e+02,1.661670005564830262e+03
3.035058430717863303e+02,1.661224819143016248e+03
3.025041736227045135e+02,1.660779632721202006e+03
3.015025041736226967e+02,1.660334446299387992e+03
3.005008347245408800e+02,1.659889259877573750e+03
2.994991652754591200e+02,1.659444073455759735e+03
2.984974958263773033e+02,1.658998887033945493e+03
2.974958263772954865e+02,1.658553700612131479e+03
2.964941569282136697e+02,1.658108514190317237e+03
2.954924874791319098e+02,1.657663327768503223e+03
2.944908180300500931e+02,1.657218141346688981e+03
2.934891485809682763e+02,1.656772954924874966e+03
2.924874791318865164e+02,1.656327768503060724e+03
2.914858096828046996e+02,1.655882582081246710e+03
2.904841402337228828e+02,1.655437395659432468e+03
2.894824707846410661e+02,1.654992209237618226e+03
2.884808013355593062e+02,1.654547022815804212e+03
2.874791318864774894e+02,1.654101836393989970e+03
2.864774624373956726e+02,1.653656649972175956e+03
2.854757929883138559e+02,1.653211463550361714e+03
2.844741235392320391e+02,1.652766277128547699e+03
2.834724540901502223e+02,1.652321090706733457e+03
2.824707846410684056e+02,1.651875904284919443e+03
2.814691151919866456e+02,1.651430717863105201e+03
2.804674457429048289e+02,1.650985531441291187e+03
2.794657762938230121e+02,1.650540345019476945e+03
2.784641068447411953e+02,1.650095158597662930e+03
2.774624373956594354e+02,1.649649972175848688e+03
2.764607679465776187e+02,1.649204785754034674e+03
2.754590984974958019e+02,1.648759599332220432e+03
2.744574290484140420e+02,1.648314412910406418e+03
2.734557595993322252e+02,1.647869226488592176e+03
2.724540901502504084e+02,1.647424040066778161e+03
2.714524207011685917e+02,1.646978853644963920e+03
2.704507512520868318e+02,1.646533667223149678e+03
2.694490818030050150e+02,1.646088480801335663e+03
2.684474123539231982e+02,1.645643294379521421e+03
2.674457429048413815e+02,1.645198107957707407e+03
2.664440734557596215e+02,1.644752921535893165e+03
2.654424040066778048e+02,1.644307735114079151e+03
2.644407345575959880e+02,1.643862548692264909e+03
2.634390651085142281e+02,1.643417362270450894e+03
2.624373956594324113e+02,1.642972175848636653e+03
2.614357262103505946e+02,1.642526989426822638e+03
2.604340567612687778e+02,1.642081803005008396e+03
2.594323873121870179e+02,1.641636616583194382e+03
2.584307178631052011e+02,1.641191430161380140e+03
2.574290484140233843e+02,1.640746243739566125e+03
2.564273789649415676e+02,1.640301057317751884e+03
2.554257095158597792e+02,1.639855870895937869e+03
2.544240400667779625e+02,1.639410684474123627e+03
2.534223706176961457e+02,1.638965498052309385e+03
2.524207011686143858e+02,1.638520311630495371e+03
2.514190317195325690e+02,1.638075125208681129e+03
2.504173622704507522e+02,1.637629938786867115e+03
2.494156928213689355e+02,1.637184752365052873e+03
2.484140233722871756e+02,1.636739565943238858e+03
2.474123539232053304e+02,1.636294379521424617e+03
2.464106844741235136e+02,1.635849193099610602e+03
2.454090150250416968e+02,1.635404006677796360e+03
2.444073455759599369e+02,1.634958820255982346e+03
2.434056761268781202e+02,1.634513633834168104e+03
2.424040066777963034e+02,1.634068447412354089e+03
2.414023372287145435e+02,1.633623260990539848e+03
2.404006677796327267e+02,1.633178074568725833e+03
2.393989983305509099e+02,1.632732888146911591e+03
2.383973288814690932e+02,1.632287701725097349e+03
2.373956594323873333e+02,1.631842515303283335e+03
2.363939899833055165e+02,1.631397328881469093e+03
2.353923205342236997e+02,1.630952142459655079e+03
2.343906510851419398e+02,1.630506956037840837e+03
2.333889816360601230e+02,1.630061769616026822e+03
2.323873121869782779e+02,1.629616583194212581e+03
2.313856427378964611e+02,1.629171396772398566e+03
2.303839732888147012e+02,1.628726210350584324e+03
2.293823038397328844e+02,1.628281023928770310e+03
2.283806343906510676e+02,1.627835837506956068e+03
2.273789649415692509e+02,1.627390651085142053e+03
2.263772954924874909e+02,1.626945464663327812e+03
2.253756260434056742e+02,1.626500278241513797e+03
2.243739565943238574e+02,1.626055091819699555e+03
2.233722871452420975e+02,1.625609905397885541e+03
2.223706176961602807e+02,1.625164718976071299e+03
2.213689482470784640e+02,1.624719532554257285e+03
2.203672787979966472e+02,1.624274346132443043e+03
2.193656093489148873e+02,1.623829159710629028e+03
2.183639398998330705e+02,1.623383973288814786e+03
2.173622704507512253e+02,1.622938786867000545e+03
2.163606010016694086e+02,1.622493600445186530e+03
2.153589315525876486e+02,1.622048414023372288e+03
2.143572621035058319e+02,1.621603227601558274e+03
2.133555926544240151e+02,1.621158041179744032e+03
2.123539232053422552e+02,1.620712854757930018e+03
2.113522537562604384e+02,1.620267668336115776e+03
2.103505843071786217e+02,1.619822481914301761e+03
2.093489148580968049e+02,1.619377295492487519e+03
2.083472454090150450e+02,1.618932109070673505e+03
2.073455759599332282e+02,1.618486922648859263e+03
2.063439065108514114e+02,1.618041736227045249e+03
2.053422370617696515e+02,1.617596549805231007e+03
2.043405676126878348e+02,1.617151363383416992e+03
2.033388981636060180e+02,1.616706176961602750e+03
2.023372287145241728e+02,1.616260990539788509e+03
2.013355592654424129e+02,1.615815804117974494e+03
2.003338898163605961e+02,1.615370617696160252e+03
1.993322203672787793e+02,1.614925431274346238e+03
1.983305509181969626e+02,1.614480244852531996e+03
1.973288814691152027e+02,1.614035058430717982e+03
1.963272120200333859e+02,1.613589872008903740e+03
1.953255425709515691e+02,1.613144685587089725e+03
1.943238731218698092e+02,1.612699499165275483e+03
1.933222036727879924e+02,1.612254312743461469e+03
1.923205342237061757e+02,1.611809126321647227e+03
1.913188647746243589e+02,1.611363939899833213e+03
1.903171953255425990e+02,1.610918753478018971e+03
1.893155258764607822e+02,1.610473567056204956e+03
1.883138564273789655e+02,1.610028380634390714e+03
1.873121869782971203e+02,1.609583194212576473e+03
1.863105175292153604e+02,1.609138007790762458e+03
1.853088480801335436e+02,1.608692821368948216e+03
1.843071786310517268e+02,1.608247634947134202e+03
1.833055091819699669e+02,1.607802448525319960e+03
1.823038397328881501e+02,1.607357262103505946e+03
1.813021702838063334e+02,1.606912075681691704e+03
1.803005008347245166e+02,1.606466889259877689e+03
1.792988313856427567e+02,1.606021702838063447e+03
1.782971619365609399e+02,1.605576516416249433e+03
1.772954924874791232e+02,1.605131329994435191e+03
1.762938230383973064e+02,1.604686143572621177e+03
1.752921535893155465e+02,1.604240957150806935e+03
1.742904841402337297e+02,1.603795770728992920e+03
1.732888146911519129e+02,1.603350584307178679e+03
1.722871452420701530e+02,1.602905397885364664e+03
1.712854757929883078e+02,1.602460211463550422e+03
1.702838063439064911e+02,1.602015025041736408e+03
1.692821368948246743e+02,1.601569838619922166e+03
1.682804674457429144e+02,1.601124652198108151e+03
1.672787979966610976e+02,1.600679465776293910e+03
1.662771285475792808e+02,1.600234279354479668e+03
1.652754590984975209e+02,1.599789092932665653e+03
1.642737896494157042e+02,1.599343906510851411e+03
1.632721202003338874e+02,1.598898720089037397e+03
1.622704507512520706e+02,1.598453533667223155e+03
1.612687813021703107e+02,1.598008347245409141e+03
1.602671118530884939e+02,1.597563160823594899e+03
1.592654424040066772e+02,1.597117974401780884e+03
1.582637729549248604e+02,1.596672787979966643e+03
1.572621035058430721e+02,1.596227601558152628e+03
1.562604340567612553e+02,1.595782415136338386e+03
1.552587646076794385e+02,1.595337228714524372e+03
1.542570951585976786e+02,1.594892042292710130e+03
1.532554257095158619e+02,1.594446855870896115e+03
1.522537562604340451e+02,1.594001669449081874e+03
1.512520868113522283e+02,1.593556483027267632e+03
1.502504173622704684e+02,1.593111296605453617e+03
1.492487479131886516e+02,1.592666110183639375e+03
1.482470784641068349e+02,1.592220923761825361e+03
1.472454090150250181e+02,1.591775737340011119e+03
1.462437395659432582e+02,1.591330550918197105e+03
1.452420701168614414e+02,1.590885364496382863e+03
1.442404006677796247e+02,1.590440178074568848e+03
1.432387312186978647e+02,1.589994991652754607e+03
1.422370617696160195e+02,1.589549805230940592e+03
1.412353923205342028e+02,1.589104618809126350e+03
1.402337228714523860e+02,1.588659432387312336e+03
1.392320534223706261e+02,1.588214245965498094e+03
1.382303839732888093e+02,1.587769059543684079e+03
1.372287145242069926e+02,1.587323873121869838e+03
1.362270450751252326e+02,1.586878686700055823e+03
1.352253756260434159e+02,1.586433500278241581e+03
1.342237061769615991e+02,1.585988313856427339e+03
1.332220367278797823e+02,1.585543127434613325e+03
1.322203672787980224e+02,1.585097941012799083e+03
1.312186978297162057e+02,1.584652754590985069e+03
1.302170283806343889e+02,1.584207568169170827e+03
1.292153589315525721e+02,1.583762381747356812e+03
1.282136894824708122e+02,1.583317195325542571e+03
1.272120200333889812e+02,1.582872008903728556e+03
1.262103505843071645e+02,1.582426822481914314e+03
1.252086811352254045e+02,1.581981636060100300e+03
1.242070116861435878e+02,1.581536449638286058e+03
1.232053422370617568e+02,1.581091263216472043e+03
1.222036727879799400e+02,1.580646076794657802e+03
1.212020033388981801e+02,1.580200890372843787e+03
1.202003338898163634e+02,1.579755703951029545e+03
1.191986644407345466e+02,1.572879885135957466e+03
1.181969949916527298e+02,1.564390388172459552e+03
1.171953255425709699e+02,1.555894202264393698e+03
1.161936560934891389e+02,1.547391327411759448e+03
1.151919866444073222e+02,1.538881763614556803e+03
1.141903171953255622e+02,1.530365510872786672e+03
1.131886477462437455e+02,1.521842569186447918e+03
1.121869782971619287e+02,1.513312938555540995e+03
1.111853088480801119e+02,1.504776618980065905e+03
1.101836393989983520e+02,1.496233610460023101e+03
1.091819699499165353e+02,1.487683912995411674e+03
1.081803005008347043e+02,1.479127526586232079e+03
1.071786310517528875e+02,1.470564451232484316e+03
1.061769616026711276e+02,1.461994686934168840e+03
1.051752921535893108e+02,1.453418233691284740e+03
1.041736227045074941e+02,1.444835091503832700e+03
1.031719532554257341e+02,1.436245260371812719e+03
1.021702838063439174e+02,1.427648740295224343e+03
1.011686143572620864e+02,1.419045531274067571e+03
1.001669449081802696e+02,1.410435633308342631e+03
9.916527545909850971e+01,1.401819046398049977e+03
9.816360601001669295e+01,1.393195770543188701e+03
9.716193656093487618e+01,1.384565805743759256e+03
9.616026711185311626e+01,1.375929151999762553e+03
9.515859766277129950e+01,1.367285809311196772e+03
9.415692821368948273e+01,1.358635777678062823e+03
9.315525876460765176e+01,1.349979057100361160e+03
9.215358931552589183e+01,1.341315647578091330e+03
9.115191986644407507e+01,1.332645549111253104e+03
9.015025041736225830e+01,1.323968761699846482e+03
8.914858096828044154e+01,1.315285285343871919e+03
8.814691151919868162e+01,1.306595120043329644e+03
8.714524207011686485e+01,1.297898265798218745e+03
8.614357262103503388e+01,1.289194722608539678e+03
8.514190317195327395e+01,1.280484490474292897e+03
8.414023372287145719e+01,1.271767569395477494e+03
8.313856427378964042e+01,1.263043959372093923e+03
8.213689482470782366e+01,1.254313660404142183e+03
8.113522537562606374e+01,1.245576672491622730e+03
8.013355592654424697e+01,1.236832995634534882e+03
7.913188647746243021e+01,1.228082629832878638e+03
7.813021702838059923e+01,1.219325575086654226e+03
7.712854757929883931e+01,1.210561831395862328e+03
7.612687813021702254e+01,1.201791398760501579e+03
7.512520868113520578e+01,1.193014277180572662e+03
7.412353923205344586e+01,1.184230466656076032e+03
7.312186978297157225e+01,1.175439967187010325e+03
7.212020033388981233e+01,1.166642778773377358e+03
7.111853088480805241e+01,1.157838901415176679e+03
7.011686143572616459e+01,1.149028335112406467e+03
6.911519198664440466e+01,1.140211079865068996e+03
6.811352253756264474e+01,1.131387135673163812e+03
6.711185308848077113e+01,1.122556502536689095e+03
6.611018363939901121e+01,1.113719180455647347e+03
6.510851419031725129e+01,1.104875169430037204e+03
6.410684474123537768e+01,1.096024469459858210e+03
6.310517529215361066e+01,1.087167080545111958e+03
6.210350584307172994e+01,1.078303002685796628e+03
6.110183639398997002e+01,1.069432235881914039e+03
6.010016694490821010e+01,1.060554780133463510e+03
5.909849749582633649e+01,1.051670635440443448e+03
5.809682804674456946e+01,1.042779801802856355e+03
5.709515859766280954e+01,1.033882279220701093e+03
5.609348914858093593e+01,1.024978067693976755e+03
5.509181969949917601e+01,1.016067167222685384e+03
5.409015025041741609e+01,1.007149577806825619e+03
5.308848080133553538e+01,9.982252994463967752e+02
5.208681135225377545e+01,9.892943321414007869e+02
5.108514190317189474e+01,9.803566758918356072e+02
5.008347245409013482e+01,9.714123306977032826e+02
4.908180300500837490e+01,9.624612965590027898e+02
4.808013355592650129e+01,9.535035734757331056e+02
4.707846410684474137e+01,9.445391614478963902e+02
4.607679465776297434e+01,9.355680604754913929e+02
4.507512520868110073e+01,9.265902705585173180e+02
4.407345575959934081e+01,9.176057916969760981e+02
4.307178631051758089e+01,9.086146238908665964e+02
4.207011686143570017e+01,8.996167671401879034e+02
4.106844741235394025e+01,8.906122214449421790e+02
4.006677796327205954e+01,8.816009868051272633e+02
3.906510851419029962e+01,8.708332501860362527e+02
3.806343906510853969e+01,8.597851204428084202e+02
3.706176961602666609e+01,8.485764560299437562e+02
3.606010016694490616e+01,8.372072569474444208e+02
3.505843071786313914e+01,8.256775231953092771e+02
3.405676126878126553e+01,8.139872547735369608e+02
3.305509181969950561e+01,8.021364516821303141e+02
3.205342237061774568e+01,7.901251139210877454e+02
3.105175292153586497e+01,7.779532414904080042e+02
3.005008347245410505e+01,7.656208343900938189e+02
2.904841402337222789e+01,7.531278926201424611e+02
2.804674457429046797e+01,7.404744161805567728e+02
2.704507512520870804e+01,7.276604050713350489e+02
2.604340567612683088e+01,7.146858592924762661e+02
2.504173622704506741e+01,7.015507788439830392e+02
2.404006677796330749e+01,6.882551637258541177e+02
2.303839732888143033e+01,6.747990139380876826e+02
2.203672787979967040e+01,6.611823294806871445e+02
2.103505843071791048e+01,6.474051103536506844e+02
2.003338898163602977e+01,6.334673565569769380e+02
1.903171953255426985e+01,6.192565600430324366e+02
1.803005008347250993e+01,6.046445606338896823e+02
1.702838063439063276e+01,5.896312245506559293e+02
1.602671118530887284e+01,5.742165517933342471e+02
1.502504173622699390e+01,5.584005423619212252e+02
1.402337228714523398e+01,5.421831962564205014e+02
1.302170283806347229e+01,5.255645134768303706e+02
1.202003338898159512e+01,5.085444940231486157e+02
1.101836393989983520e+01,4.911231378953793865e+02
1.001669449081807350e+01,4.733004450935206364e+02
9.015025041736196343e+00,4.550764156175701487e+02
8.013355592654436421e+00,4.364510494675323571e+02
7.011686143572674723e+00,4.174243466434050447e+02
6.010016694490797562e+00,3.979963071451859378e+02
5.008347245409036752e+00,3.781669309728795838e+02
4.006677796327159591e+00,3.579362181264812648e+02
3.005008347245398781e+00,3.373041686059958693e+02
2.003338898163637971e+00,3.162707824114209529e+02
1.001669449081760810e+00,2.948360595427539579e+02
0.000000000000000000e+00,2.730000000000000000e+02
